Alice,Johnson,900264732
Benjamin,Parker,900325651
Charlotte,Adams,900792188
Daniel,Mitchell,900151866
Emily,Wilson,900199224
Frank,Anderson,900930880
Grace,Turner,900713844
Henry,Roberts,900020784
Isabella,Hayes,900228778
Jack,Davis,900189102
Katherine,Lewis,900208448
Liam,Thompson,900348378
Mia,Murphy,900833552
Noah,Foster,900628973
Olivia,Brooks,900294544
Patrick,Ward,900558448
Quinn,Harrison,900226141
Rachel,Bell,900852531
Samuel,Gray,900064623
Taylor,Jenkins,900972674
Victoria,Carter,900694252
William,Smith,900320195
Zoey,Foster,900614415
Alexander,White,900264975
Brooke,Martin,900494923
Christopher,Walker,900915185
Daisy,King,900039985
Ethan,Turner,900581347
Fiona,Green,900932111
George,Mitchell,900255276
Hannah,Baker,900314499
Isaac,Reed,900504781
Jasmine,Hall,900607829
Kevin,Turner,900573399
Lily,Adams,900388185
Michael,Brown,900254651
Natalie,Parker,900254651
Owen,Bennett,900441075
Penelope,Clark,900203452
Quentin,Hayes,900086033
Ruby,Wilson,900839849
Sebastian,Hill,900753393
Taylor,Evans,900073373
Ulysses,Roberts,900036159
Violet,Campbell,900473416
Walter,Morris,900574033
Xander,Reed,900610443
Yasmine,Martinez,900291788
Zachary,Johnson,900029169
Zoe,Anderson,900554380
